[
  {
    "content": "Write outline for advance screening of 《膽大膽》",
    "due": "2025-04-17",
    "owners": [
      "達那"
    ]
  },
  {
    "content": "Submit stock-in form and export YouTube file for 《JOJO S3》",
    "due": "2025-04-23",
    "owners": [
      "妍麗"
    ]
  },
  {
    "content": "Submit stock-in form for 《實力教室S2》",
    "due": "2025-04-18",
    "owners": [
      "小希"
    ]
  },
  {
    "content": "清理 Google Drive 檔案",
    "due": "2025-04-16",
    "owners": [
      "佳平",
      "潘霆",
      "彥銘",
      "姿穎",
      "育全",
      "佳宇",
      "琪珊",
      "雄欽",
      "達那",
      "韋燕",
      "妍麗",
      "小希",
      "張琪",
      "志賢"
    ]
  }
]